"term","estimate","std.error","statistic","p.value","conf.low","conf.high","OR","CI_low","CI_high","gene","bonferroni_corrected"
"vga.A..LC1",17.3493747151707,882.7433959035,0.0196539275124379,0.98431944419118,-162.538896871846,NA,34256083.0832016,2.57189949940755e-71,NA,"94",1
"blaTEM.1161",17.3493747151705,882.74339590344,0.0196539275124391,0.984319444191179,-162.538896871834,NA,34256083.0831967,2.57189949943869e-71,NA,"118",1
"tet1",17.349374715134,882.743395885319,0.0196539275128012,0.98431944419089,-162.538896868177,NA,34256083.081946,2.57189950884214e-71,NA,"87",1
"vga.A.1",17.3493747151198,882.743395881035,0.0196539275128804,0.984319444190827,-162.538896867319,NA,34256083.081457,2.57189951105086e-71,NA,"107",1
"lnu.G.1",17.3493747151183,882.743395880552,0.0196539275128895,0.98431944419082,-162.538896867222,NA,34256083.0814072,2.57189951130027e-71,NA,"105",1
"tcrB1",17.349374715107,882.743395877199,0.0196539275129514,0.98431944419077,-162.53889686655,NA,34256083.0810199,2.57189951302815e-71,NA,"81",1
"hlgC1",13.8317009146742,906.942672406056,0.0152509098265049,0.987832006205851,-67.4116470727046,NA,1016322.13073068,5.29046274313217e-30,NA,"4",1
"hlgA1",13.8317009107666,906.942672947912,0.0152509098130847,0.987832006216558,-67.4116471251593,NA,1016322.12675932,5.2904624656228e-30,NA,"3",1
"icaC1",13.8295387571871,979.61004790286,0.0141173916976385,0.988736325270024,-80.0021774458398,NA,1014127.05613008,1.80092569723991e-35,NA,"9",1
"hlgB1",13.8273812432631,1073.10903793908,0.0128853459941208,0.989719265860193,-97.5236689972851,NA,1011941.42150221,4.42597238109372e-43,NA,"5",1
"aur1",12.823079978101,840.274178752622,0.0152605902958208,0.987824283207612,-96.7472779138575,NA,370674.640895724,9.62035421692997e-43,NA,"8",1
"tet.38.1",12.823079978101,840.274178752622,0.0152605902958208,0.987824283207612,-96.7472779138575,NA,370674.640895724,9.62035421692997e-43,NA,"12",1
"mepA1",12.823079978101,840.274178752622,0.0152605902958208,0.987824283207612,-96.7472779138575,NA,370674.640895724,9.62035421692997e-43,NA,"13",1
"fexA1",4.760034896549,0.807552674752356,5.89439555507473,3.76055365004862e-09,3.35032792086308,6.67658468739989,116.749999999999,28.5120818174306,793.60407231268,"78",4.6254809895598e-07
"lnu.B.1",4.53903037880218,1.11451015576922,4.07266847709377,4.64775576050955e-05,2.66752223084804,7.51199755031768,93.5999995618239,14.4042345719345,1829.86514217173,"73",0.00571673958542675
"lsa.E.1",4.53903037880218,1.11451015576922,4.07266847709377,4.64775576050955e-05,2.66752223084804,7.51199755031768,93.5999995618239,14.4042345719345,1829.86514217173,"74",0.00571673958542675
"spw1",4.53903037880218,1.11451015576922,4.07266847709377,4.64775576050955e-05,2.66752223084804,7.51199755031768,93.5999995618239,14.4042345719345,1829.86514217173,"75",0.00571673958542675
"tet.L.1",3.84374416014768,0.861474043146813,4.46182237378524,8.12655761906282e-06,2.25789438139681,5.82185855258408,46.699999788581,9.56293206497051,337.598916259243,"79",0.000999566587144727
"qacG1",3.50941096558264,1.24010067547315,2.82994037096517,0.00465566802226071,1.13565179561776,6.59614358895245,33.4285714045114,3.11320205320172,732.265819146735,"86",0.572647166738068
"sec11",3.50941096558263,1.24010067547315,2.82994037096516,0.0046556680222608,1.13565179561771,6.59614358895245,33.428571404511,3.11320205320158,732.265819146737,"106",0.572647166738079
"sel271",3.25595749847784,0.934082339207164,3.48572857211009,0.000490798723786337,1.42019802202833,5.31475641686115,25.9444444108492,4.13793976235165,203.314982995006,"83",0.0603682430257195
"sel281",3.25595749847784,0.934082339207164,3.48572857211009,0.000490798723786337,1.42019802202833,5.31475641686115,25.9444444108492,4.13793976235165,203.314982995006,"84",0.0603682430257195
"erm.T.1",2.88394086530955,0.735261515726648,3.92233348764269,8.76954971314286e-05,1.39369192137928,4.37703513818706,17.884615344262,4.02969995921524,79.6016752264309,"80",0.0107865461471657
"erm.B.1",2.78117246554518,1.42710145207127,1.9488260358145,0.0513162033937417,-0.465838185488129,6.0285213233855,16.1379310282536,0.627608832047953,415.100775543059,"82",1
"sey1",2.55851846592705,0.788998791825236,3.24274066378262,0.00118385916641583,0.89391517720833,4.11863741462309,12.9166666511125,2.44468230336036,61.4754196618007,"85",0.145614677469147
"tet.M.1",2.3175107090555,0.462137997470141,5.0147590584244,5.3099964297804e-07,1.37954334575805,3.20988180044815,10.1503755931613,3.9730868861914,24.7761575207898,"68",6.5312956086299e-05
"dfrG1",2.29165601159742,0.509858192877232,4.49469292366401,6.96704135416933e-06,1.24407296905502,3.2704446791272,9.89130424036261,3.46971677314335,26.3230420484622,"72",0.000856946086562828
"str1",2.08588624675111,1.23960604561129,1.68270093078038,0.0924330014686883,-0.999919025470175,4.45965650833754,8.05172413494092,0.367909231242326,86.4578064596442,"104",1
"mco1",1.74669552420773,0.411271076638544,4.24706628650877,2.16587895069371e-05,0.913938274024021,2.54089761478441,5.73561811505501,2.49412576752584,12.6910575405709,"69",0.00266403110935326
"tet.K.1",1.23948843602564,0.583683802829229,2.1235614728687,0.0337068300444302,-0.0476239274565654,2.29835868537397,3.45384614949076,0.953492301934616,9.95782511071509,"67",1
"lnu.A.1",0.978671754554124,1.0969541399521,0.892171986877101,0.372300754705961,-1.9770839501414,2.79128189581292,2.66091953938483,0.138472441687147,16.301903755569,"61",1
"hld1",0.938773899459386,1.03106810468906,0.910486800231782,0.36256583984877,-0.647221050405203,3.83243539895626,2.55684454718098,0.523498533294485,46.1748556050422,"37",1
"lmrS1",0.849599357340607,1.03215792690112,0.823129227802748,0.410434509423388,-0.739926631085257,3.74428709801892,2.33870967733779,0.477148922135408,42.2788557925568,"38",1
"sel1",0.582038251618359,0.770380526219936,0.755520462691697,0.449936759168162,-1.2877677311399,1.89209662239997,1.78968253901517,0.275885947838046,6.63326155666133,"76",1
"aadD11",0.533076231694477,0.476909956249827,1.11777123691506,0.263664708986421,-0.492169751250292,1.40953764012183,1.70416666495171,0.611298588324807,4.09406203637191,"2",1
"splE1",0.48249510944638,0.377306067542454,1.27878969079152,0.200971125218499,-0.263946303959139,1.22910102854793,1.62011171937943,0.768014777902427,3.41815533062417,"55",1
"erm.C.1",0.416972714552781,0.635537224402291,0.656094873034282,0.511763083019771,-1.05154002415832,1.52674965780324,1.51736111049375,0.34939925127988,4.60319053577572,"27",1
"sel261",0.300245050835064,0.412778919467237,0.727374961935027,0.466996288307115,-0.556911339007381,1.08073328590195,1.35018963213678,0.57297606242801,2.94683963494883,"71",1
"blaZ1",0.112208622613064,0.377432172443777,0.297294801040785,0.766241450483648,-0.629187680628048,0.864527281596518,1.11874623206321,0.533024611410536,2.3738836422127,"36",1
"seh1",-0.0239924266251014,1.04841017840167,-0.0228845800235157,0.981742340534244,-2.93410521818148,1.61934611021439,0.976293103563595,0.0531782809835277,5.04978723246426,"56",1
"qacC1",-0.086826993449099,1.04664899952399,-0.0829571264947346,0.933885630156595,-2.99529767258642,1.55063634117352,0.916835700495202,0.0500217347710129,4.71446923916611,"53",1
"(Intercept)",-0.470003629245735,0.232737334062816,-2.01945953853231,0.0434394786747904,-0.936238405995883,-0.0198794818174797,0.625,0.392099985762052,0.98031681218817,"28",1
"selX1",-0.477855602240301,0.402242321211055,-1.18797942693248,0.234841515106368,-1.24502662065586,0.349172725091232,0.620111733262465,0.287933243056973,1.41789407507598,"14",1
"aac.6...Ie.aph.2....Ia1",-0.502826621084435,0.44255954734917,-1.13617845123046,0.255881887117468,-1.4454425181171,0.316395787211369,0.60481864810547,0.235641777724716,1.37217323678536,"54",1
"(Intercept)",-0.550046336919276,0.229268625337404,-2.39913479705214,0.0164338637330935,-1.01043530359966,-0.107829574850571,0.576923076923075,0.364060468241432,0.897780587784105,"29",1
"tst1",-0.599762855948663,0.746084544045488,-0.803880553129507,0.421465962165382,-2.44051876914144,0.640722355786697,0.548941798941893,0.0871156468282992,1.89785130815149,"49",1
"ant.6..Ia1",-1.07237005257959,0.499156511494146,-2.14836434642437,0.0316848228181401,-2.17266133577065,-0.174183780929986,0.342196531801568,0.11387415591965,0.840142481302941,"46",1
"blaI1",-1.08822255384907,0.391297778986833,-2.78105987891562,0.00541817424658941,-1.84657863470532,-0.298035247356082,0.336814631841037,0.157776053436665,0.742275176049236,"34",0.666435432330498
"splB1",-1.1610910397897,0.39216932770174,-2.96068804410107,0.00306952674600693,-1.92126001862809,-0.369365650464253,0.313144341499836,0.146422350958241,0.691172636644227,"18",0.377551789758852
"lukE1",-1.1912337387886,0.392550087526043,-3.03460316693872,0.00240852364528446,-1.95219578094229,-0.39883705534037,0.303846165927048,0.141962011624582,0.671100044613101,"21",0.296248408369989
"cna1",-1.24144790520126,1.02797177154964,-1.2076673110681,0.227175256616598,-4.13223448053047,0.334714044790205,0.288965520215188,0.0160469820632261,1.39754069403594,"70",1
"splA1",-1.31328872234986,0.388352025597049,-3.38169659429695,0.000720396640002705,-2.07132513704357,-0.535214941441407,0.268934150682228,0.126018678992779,0.585543419071322,"19",0.0886087867203327
"(Intercept)",-1.34373474670109,0.264666411126807,-5.07708832783196,3.83262729648375e-07,-1.89219645870536,-0.848213166950478,0.260869565217393,0.150740349997801,0.428179333800858,"39",4.71413157467501e-05
"blaR11",-1.47304528752763,0.387411202846326,-3.80227850073799,0.000143371429349731,-2.25678602036198,-0.723293819463038,0.229226361031728,0.104686404618624,0.485151619456589,"35",0.017634685810017
"mecA1",-1.52971261445089,0.441712653138576,-3.46313967594444,0.000533911161171691,-2.47094646314185,-0.712627263244467,0.216597905480408,0.084504840423452,0.490354214036649,"123",0.065671072824118
"(Intercept)",-1.6376087894008,0.238491733354234,-6.86652223273685,6.57859274794738e-12,-2.13220211242154,-1.19240886561409,0.194444444444444,0.118575888698879,0.30348931785858,"20",8.09166907997528e-10
"(Intercept)",-1.66500776358894,0.206085036989692,-8.07922684688757,6.51786820997022e-16,-2.08912806667552,-1.27811752575159,0.189189189189184,0.12379502978432,0.278561191462352,"15",8.01697789826337e-14
"(Intercept)",-1.78058616862996,0.197360864563933,-9.02198200521744,1.84716569072122e-19,-2.18662587581481,-1.4101668681366,0.168539325842691,0.112295007412777,0.244102546817606,"10",2.2720137995871e-17
"(Intercept)",-1.81707727721235,0.299036915652696,-6.07643131031596,1.22886607185616e-09,-2.44975426624072,-1.26766108969072,0.162499999999998,0.0863147943524189,0.281489230497848,"19",1.51150526838308e-07
"blaPC11",-1.86482848024875,0.738637770346211,-2.52468605738192,0.0115801687524726,-3.69657172913776,-0.645151491599652,0.154922779922874,0.0248084308702325,0.524583066158933,"66",1
"(Intercept)",-1.884541202679,0.309825049311869,-6.0825979270063,1.1825062673522e-09,-2.5430220449065,-1.31746136011782,0.151898734177219,0.078628421760157,0.267814323828676,"21",1.4544827088432e-07
"(Intercept)",-1.89711998488592,0.252762514801718,-7.50554324233611,6.11743721980341e-14,-2.42596807469638,-1.42914089179639,0.149999999999995,0.0883925070599423,0.239514602840344,"35",7.5244477803582e-12
"(Intercept)",-1.90423745265474,0.202567111472857,-9.40052626909228,5.4290836447775e-21,-2.32234459394042,-1.52520249186254,0.148936170212767,0.0980434438509568,0.217576994833352,"24",6.67777288307632e-19
"(Intercept)",-1.90954250488446,0.309320242378069,-6.17335124983676,6.6857451348023e-10,-2.56722039515342,-1.34366740648599,0.148148148148145,0.0767485799356254,0.260887132821523,"18",8.22346651580683e-08
"(Intercept)",-1.96944064646551,0.308157817204141,-6.39101309950167,1.64790262736342e-10,-2.62526866505236,-1.40633793856093,0.13953488372093,0.0724202976172842,0.245038989921885,"34",2.026920231657e-08
"lukD1",-2.05404459122506,0.413226906485949,-4.97074260892764,6.66969448320813e-07,-2.91241355540224,-1.27325088092985,0.128215275077222,0.0543444082168632,0.279920153954043,"20",8.203724214346e-05
"(Intercept)",-2.07047287169707,0.200546229629955,-10.3241675274448,5.47920221801014e-25,-2.48512014478274,-1.69594410848014,0.126126126126127,0.0833155439828077,0.183425973237646,"23",6.73941872815247e-23
"(Intercept)",-2.10151749337902,0.200202642193751,-10.4969518401522,8.92145338512235e-26,-2.51557611767306,-1.72775458916533,0.12227074235808,0.0808163390709782,0.177682933561996,"26",1.09733876637005e-23
"(Intercept)",-2.13162729485044,0.199878897960439,-10.6645939946714,1.49048585276314e-26,-2.54513115821815,-1.75858584675161,0.118644067796606,0.0784627602699861,0.172288333737406,"22",1.83329759889867e-24
"(Intercept)",-2.13750534263461,0.220468741543493,-9.69527619956469,3.15782110595484e-22,-2.59633006067264,-1.72803295359168,0.117948717948716,0.0745466585275996,0.177633479837521,"123",3.88411996032445e-20
"fosB1",-2.16282315060487,0.394817934429316,-5.47802660922963,4.30095466644316e-08,-2.9606316752303,-1.39890251226332,0.115000000001612,0.0517861947823364,0.246867749650252,"39",5.29017423972509e-06
"sem1",-2.16558749236714,0.738055857541864,-2.9341783148768,0.00334432017298767,-3.99662847638224,-0.947528935161089,0.11468253968551,0.0183774947134149,0.387697867324058,"25",0.411351381277484
"(Intercept)",-2.21920348405497,0.19224079103856,-11.5438740761831,7.92727252137482e-31,-2.6164366581429,-1.86014832021681,0.108695652173916,0.0730627470690757,0.155649542681937,"7",9.75054520129103e-29
"(Intercept)",-2.21920348405501,0.192240791038556,-11.5438740761836,7.92727252132995e-31,-2.6164366581429,-1.86014832021681,0.108695652173911,0.0730627470690758,0.155649542681937,"6",9.75054520123584e-29
"(Intercept)",-2.26868354131835,0.191785320594154,-11.8292866956132,2.75472726835556e-32,-2.66513206410885,-1.91063812589888,0.103448275862071,0.0695901625635801,0.147985922808759,"45",3.38831454007734e-30
"(Intercept)",-2.30945797228182,0.194698269522193,-11.861728293474,1.8707328243216e-32,-2.71244001834801,-1.94639356817977,0.0993150684931497,0.0663746535945596,0.142788099671963,"44",2.30100137391557e-30
"(Intercept)",-2.33422217793724,0.197925474173343,-11.7934398676389,4.21947734839993e-32,-2.74437646367994,-1.96553033755477,0.0968858131487877,0.0642883745860312,0.140081576392114,"25",5.18995713853192e-30
"(Intercept)",-2.33648664466974,0.194463600588957,-12.0150333409101,2.96250133078689e-33,-2.73906514006722,-1.97394331139275,0.0966666666666653,0.0646307393481696,0.138908017237827,"31",3.64387663686788e-31
"(Intercept)",-2.33648664466974,0.194463600588957,-12.0150333409101,2.96250133078689e-33,-2.73906514006722,-1.97394331139275,0.0966666666666653,0.0646307393481696,0.138908017237827,"32",3.64387663686788e-31
"(Intercept)",-2.33981443476242,0.194435124802343,-12.0339081590377,2.35732040968839e-33,-2.7423439577211,-1.97733432460979,0.096345514950164,0.0644191739706976,0.138437776063047,"33",2.89950410391672e-31
"(Intercept)",-2.35454483192479,0.191044210316249,-12.3246071054817,6.67681078254362e-35,-2.74971610579321,-1.99814176658508,0.0949367088607566,0.0639460125325629,0.135587001585431,"63",8.21247726252865e-33
"(Intercept)",-2.36399372112272,0.190966304806839,-12.3791143338814,3.39063733604318e-35,-2.75903069822377,-2.00776324917199,0.0940438871473329,0.0633531469255035,0.134288709374161,"64",4.17048392333312e-33
"(Intercept)",-2.36712361413165,0.190940653956492,-12.3971693040866,2.70719038820768e-35,-2.76211637187836,-2.01094996747599,0.0937499999999973,0.0631579610838743,0.133861450224828,"65",3.32984417749545e-33
"(Intercept)",-2.40694510831817,0.330165058695899,-7.29012669549355,3.09663680659111e-13,-3.11993047008766,-1.8117596379981,0.0900900900901007,0.0441602387704818,0.163366417979766,"14",3.80886327210707e-11
"(Intercept)",-2.43923661295485,0.197052151756313,-12.3786347482842,3.41095697840416e-35,-2.8478921523212,-2.07248739133133,0.0872274143302144,0.0579663764844517,0.125872298325039,"66",4.19547708343712e-33
"(Intercept)",-2.47148362945589,0.208274766542568,-11.8664573269406,1.76796897980899e-32,-2.90500764268601,-2.08506545643533,0.0844594594594573,0.0547483721752735,0.124298983731101,"46",2.17460184516506e-30
"(Intercept)",-2.49320545260274,0.189968824468576,-13.1242874170396,2.39020463215987e-39,-2.88652238652309,-2.13918396980617,0.0826446280991701,0.0557698216510366,0.117750892110284,"51",2.93995169755664e-37
"(Intercept)",-2.5927640456444,0.189280476857407,-13.6980003891137,1.04358831501834e-42,-2.98489345061727,-2.24026600515145,0.0748129675810485,0.0505448887889335,0.106430189634773,"90",1.28361362747256e-40
"(Intercept)",-2.60515577793954,0.189199332769769,-13.7693708524315,3.89591125422359e-43,-2.99714515460564,-2.25283728151086,0.0738916256157665,0.0499294058297437,0.105100601130457,"91",4.79197084269502e-41
"(Intercept)",-2.60750897186788,0.216062891078049,-12.0682869643078,1.55334156930346e-33,-3.0588802240463,-2.20796430976732,0.0737179487188665,0.0469402283407937,0.109924192510179,"54",1.91061013024326e-31
"(Intercept)",-2.60761580378045,0.189183339092892,-13.7835383194081,3.20186137636788e-43,-2.99957757976009,-2.2553326946568,0.0737100737100727,0.0498081038758276,0.104838658672005,"57",3.93828949293249e-41
"(Intercept)",-2.61251777438069,0.18915158235763,-13.8117680107015,2.16453120282522e-43,-3.00442474618909,-2.26030492841243,0.0733496332518307,0.0495672598838376,0.104318670177944,"50",2.66237337947503e-41
"(Intercept)",-2.61495977803622,0.189135818193113,-13.825830575181,1.78045472767009e-43,-3.00683954445838,-2.26278181037718,0.0731707317073158,0.0494477093537575,0.104060604875774,"58",2.18995931503421e-41
"sen1",-2.62626397644354,0.737708726416818,-3.56002834506211,0.000370814766382832,-4.4569096535441,-1.4091464711708,0.0723482527296099,0.0115981502644733,0.244351755439961,"22",0.0456102162650883
"(Intercept)",-2.63428405086256,0.18901237480901,-13.9370983171044,3.76956721622955e-44,-3.02595077302064,-2.28237918892394,0.0717703349282325,0.0485116757440421,0.102041142526296,"11",4.63656767596234e-42
"(Intercept)",-2.63667353825998,0.188997270292989,-13.9508551323124,3.10855754296106e-44,-3.02831419126912,-2.28480209185556,0.0715990453460619,0.0483971577445946,0.101794206015323,"30",3.8235257778421e-42
"(Intercept)",-2.63905732961525,0.188982236504615,-13.9645787796082,2.56416947684433e-44,-3.03067203531139,-2.28721914191903,0.0714285714285718,0.0482831792191422,0.101548461431334,"1",3.15392845651853e-42
"(Intercept)",-2.67057508993566,0.192014044965631,-13.9082278612154,5.64610877922772e-44,-3.06893786221159,-2.31346564063054,0.0692124105011934,0.0464704867141637,0.0989178431419988,"70",6.9447137984501e-42
"(Intercept)",-2.67873581343344,0.188737020355798,-14.1929538168167,1.01300288251343e-45,-3.06992725944385,-2.32744005843689,0.068649885583524,0.0464245316808671,0.0975451375927845,"47",1.24599354549152e-43
"(Intercept)",-2.68330203141307,0.188709400034423,-14.2192282468367,6.96164356459443e-46,-3.07444579897473,-2.33206736828983,0.0683371298405428,0.0462152338157097,0.0970948087256333,"48",8.56282158445115e-44
"seo1",-2.6859742467658,0.73770688908707,-3.6409775840507,0.000271604785816304,-4.5166244957222,-1.46885365209912,0.0681547620845005,0.0109258417193138,0.230189210915863,"26",0.0334073886554054
"(Intercept)",-2.68784749378471,0.188682026249132,-14.2453817526621,4.78923655100843e-46,-3.07894400769,-2.33667337605317,0.0680272108843523,0.0460078149046988,0.0966486176514783,"40",5.89076095774037e-44
"(Intercept)",-2.68784749378471,0.188682026249132,-14.2453817526621,4.78923655100843e-46,-3.07894400769,-2.33667337605317,0.0680272108843523,0.0460078149046988,0.0966486176514783,"41",5.89076095774037e-44
"(Intercept)",-2.6960740100555,0.195253487205534,-13.8080709780997,2.27851632852748e-43,-3.10164036056317,-2.33332189281054,0.0674698795180721,0.0449753660342315,0.0969730772807603,"49",2.8025750840888e-41
"(Intercept)",-2.69912157035795,0.1886146489531,-14.3102435857413,1.88850701587353e-46,-3.09010180843584,-2.34809644245445,0.0672645739910285,0.0454973221576209,0.0955508758001599,"42",2.32286362952444e-44
"(Intercept)",-2.70582550608008,0.188574931593619,-14.3488081009154,1.08383935377639e-46,-3.09673717360841,-2.35488822278873,0.0668151447661485,0.0451964301787833,0.0949041140589802,"96",1.33312240514495e-44
"(Intercept)",-2.70805020110222,0.188561808316411,-14.3616049574474,9.01157871530922e-47,-3.09893921140492,-2.3571419426009,0.0666666666666662,0.0450970154289521,0.0946904676169086,"52",1.10842418198303e-44
"(Intercept)",-2.72348600923199,0.188471528727213,-14.4503842443697,2.49291241819852e-47,-3.11421914755938,-2.37277741518708,0.0656455142231986,0.0444131737460933,0.0932214517124242,"77",3.06628227438418e-45
"(Intercept)",-2.72785282839841,0.188446232572602,-14.4754967566011,1.73070836674545e-47,-3.118542333491,-2.37720014179839,0.0653594771241819,0.0442215817804246,0.0928100691041655,"60",2.1287712910969e-45
"(Intercept)",-2.72785282839841,0.188446232572604,-14.475496756601,1.73070836674755e-47,-3.118542333491,-2.37720014179838,0.0653594771241818,0.0442215817804243,0.0928100691041662,"62",2.12877129109949e-45
"(Intercept)",-2.73002910782097,0.188433665720359,-14.4880114568933,1.44258963185823e-47,-3.12069691027012,-2.3794042164768,0.0652173913043486,0.0441264055562445,0.0926057340485334,"97",1.77438524718562e-45
"(Intercept)",-2.73220066133451,0.18842115255538,-14.5004986132408,1.20273040989821e-47,-3.12284685366868,-2.38160344627509,0.0650759219088925,0.0440316381906561,0.0924022965436281,"89",1.47935840417479e-45
"(Intercept)",-2.73220066133451,0.18842115255538,-14.5004986132408,1.20273040989821e-47,-3.12284685366868,-2.38160344627509,0.0650759219088925,0.0440316381906561,0.0924022965436281,"95",1.47935840417479e-45
"(Intercept)",-2.73652967242409,0.188396285916565,-14.5253907693064,8.36638311000777e-48,-3.12713291975569,-2.38598745606481,0.0647948164146861,0.0438433195408307,0.0919980906396964,"17",1.02906512253096e-45
"(Intercept)",-2.73652967242409,0.188396285916565,-14.5253907693064,8.36638311000734e-48,-3.1271329197557,-2.38598745606481,0.0647948164146861,0.0438433195408307,0.0919980906396962,"99",1.0290651225309e-45
"(Intercept)",-2.73868717056409,0.188383931764695,-14.5377960047299,6.98041279969275e-48,-3.12926908184151,-2.38817227812578,0.0646551724137935,0.0437497630653855,0.0917973105959012,"16",8.58590774362208e-46
"(Intercept)",-2.73868717056409,0.188383931764695,-14.5377960047299,6.98041279969257e-48,-3.12926908184151,-2.38817227812578,0.0646551724137935,0.0437497630653856,0.0917973105959016,"98",8.58590774362186e-46
"(Intercept)",-2.73868717056416,0.188383931764704,-14.5377960047295,6.98041279973477e-48,-3.12926908184151,-2.38817227812579,0.0646551724137894,0.0437497630653857,0.091797310595901,"59",8.58590774367376e-46
"(Intercept)",-2.73868717056416,0.188383931764704,-14.5377960047295,6.98041279973459e-48,-3.12926908184151,-2.38817227812579,0.0646551724137894,0.0437497630653856,0.0917973105959009,"92",8.58590774367354e-46
"(Intercept)",-2.73868717056416,0.188383931764704,-14.5377960047295,6.98041279973459e-48,-3.12926908184151,-2.38817227812579,0.0646551724137894,0.0437497630653856,0.0917973105959009,"93",8.58590774367354e-46
"(Intercept)",-2.74298825246349,0.188359380122454,-14.5625253739965,4.86276814901151e-48,-3.13352779698792,-2.39252763148429,0.0643776824034332,0.0435638414613421,0.0913983702645798,"108",5.98120482328416e-46
"(Intercept)",-2.74298825246349,0.188359380122454,-14.5625253739965,4.86276814901151e-48,-3.13352779698792,-2.39252763148429,0.0643776824034332,0.0435638414613421,0.0913983702645798,"109",5.98120482328416e-46
"(Intercept)",-2.74298825246349,0.188359380122454,-14.5625253739965,4.86276814901151e-48,-3.13352779698792,-2.39252763148429,0.0643776824034332,0.0435638414613421,0.0913983702645798,"110",5.98120482328416e-46
"(Intercept)",-2.74298825246349,0.188359380122454,-14.5625253739965,4.86276814901151e-48,-3.13352779698792,-2.39252763148429,0.0643776824034332,0.0435638414613421,0.0913983702645798,"111",5.98120482328416e-46
"(Intercept)",-2.74298825246349,0.188359380122454,-14.5625253739965,4.86276814901151e-48,-3.13352779698792,-2.39252763148429,0.0643776824034332,0.0435638414613421,0.0913983702645798,"112",5.98120482328416e-46
"(Intercept)",-2.74298825246349,0.188359380122454,-14.5625253739965,4.86276814901151e-48,-3.13352779698792,-2.39252763148429,0.0643776824034332,0.0435638414613421,0.0913983702645798,"113",5.98120482328416e-46
"(Intercept)",-2.74298825246349,0.188359380122454,-14.5625253739965,4.86276814901151e-48,-3.13352779698792,-2.39252763148429,0.0643776824034332,0.0435638414613421,0.0913983702645798,"114",5.98120482328416e-46
"(Intercept)",-2.74513187600676,0.188347181971116,-14.5748497390725,4.06014980430298e-48,-3.1356503415729,-2.39469824302276,0.0642398286937887,0.0434714733279662,0.0912001950659814,"43",4.99398425929267e-46
"(Intercept)",-2.74513187600676,0.188347181971116,-14.5748497390725,4.06014980430298e-48,-3.1356503415729,-2.39469824302276,0.0642398286937887,0.0434714733279662,0.0912001950659814,"102",4.99398425929267e-46
"(Intercept)",-2.74513187600676,0.188347181971116,-14.5748497390725,4.06014980430298e-48,-3.1356503415729,-2.39469824302276,0.0642398286937887,0.0434714733279662,0.0912001950659814,"103",4.99398425929267e-46
"seu1",-2.7457682803934,0.737714565544001,-3.72199277151133,0.000197656682748744,-4.57643576668543,-1.52861641870615,0.0641989591911563,0.0102915123547452,0.216835469367185,"23",0.0243117719780955
"(Intercept)",-2.74638634964217,0.191557963970811,-14.3371034683823,1.28299479450639e-46,-3.14396666350955,-2.3902835462049,0.06415929204846,0.0431114496719946,0.0916037063114792,"53",1.57808359724286e-44
"(Intercept)",-2.74727091425544,0.18833503516363,-14.5871473773775,3.3908220208898e-48,-3.1377684213802,-2.39686412900721,0.0641025641025674,0.0433794947215181,0.091002879600245,"115",4.17071108569445e-46
"(Intercept)",-2.74727091425544,0.18833503516363,-14.5871473773775,3.39082202088989e-48,-3.13776842138019,-2.39686412900721,0.0641025641025673,0.0433794947215181,0.0910028796002449,"88",4.17071108569456e-46
"(Intercept)",-2.74727091425544,0.18833503516363,-14.5871473773775,3.39082202088989e-48,-3.13776842138019,-2.39686412900721,0.0641025641025673,0.0433794947215181,0.0910028796002449,"100",4.17071108569456e-46
"(Intercept)",-2.74727091425544,0.18833503516363,-14.5871473773775,3.39082202088989e-48,-3.13776842138019,-2.39686412900721,0.0641025641025673,0.0433794947215181,0.0910028796002449,"101",4.17071108569456e-46
"(Intercept)",-2.74727091425544,0.18833503516363,-14.5871473773775,3.39082202088989e-48,-3.13776842138019,-2.39686412900721,0.0641025641025673,0.0433794947215181,0.0910028796002449,"116",4.17071108569456e-46
"(Intercept)",-2.74727091425544,0.18833503516363,-14.5871473773775,3.39082202088989e-48,-3.13776842138019,-2.39686412900721,0.0641025641025673,0.0433794947215181,0.0910028796002449,"117",4.17071108569456e-46
"(Intercept)",-2.74727091425544,0.18833503516363,-14.5871473773775,3.39082202088989e-48,-3.13776842138019,-2.39686412900721,0.0641025641025673,0.0433794947215181,0.0910028796002449,"119",4.17071108569456e-46
"(Intercept)",-2.74727091425544,0.18833503516363,-14.5871473773775,3.39082202088989e-48,-3.13776842138019,-2.39686412900721,0.0641025641025673,0.0433794947215181,0.0910028796002449,"120",4.17071108569456e-46
"(Intercept)",-2.74727091425544,0.18833503516363,-14.5871473773775,3.39082202088989e-48,-3.13776842138019,-2.39686412900721,0.0641025641025673,0.0433794947215181,0.0910028796002449,"121",4.17071108569456e-46
"(Intercept)",-2.74727091425544,0.18833503516363,-14.5871473773775,3.39082202088989e-48,-3.13776842138019,-2.39686412900721,0.0641025641025673,0.0433794947215181,0.0910028796002449,"122",4.17071108569456e-46
"(Intercept)",-2.74859629528435,0.191545177965436,-14.3495979615854,1.07156618205445e-46,-3.14615464807926,-2.39252173649337,0.0640176600577356,0.0430172256033283,0.0913989090587305,"56",1.31802640392698e-44
"(Intercept)",-2.77043122378219,0.191420266668375,-14.4730297998269,1.79392689848608e-47,-3.16777509819267,-2.41463248594455,0.0626349892207548,0.042097155824335,0.0894001887109147,"61",2.20653008513788e-45
"(Intercept)",-2.77903342731103,0.191371754227576,-14.521648915891,8.83588969619381e-48,-3.17629404062877,-2.42334175185781,0.0620985010937265,0.0417400557940753,0.0886249594338688,"104",1.08681443263184e-45
"(Intercept)",-2.77926282895456,0.19475781670954,-14.270353179711,3.34878343143364e-46,-3.18398160773435,-2.41760574475688,0.0620842572293606,0.0414204065509074,0.0891347735814713,"76",4.11900362066338e-44
"(Intercept)",-2.78117246554522,0.191359751525552,-14.533737859572,7.4066104741368e-48,-3.17841248238188,-2.42550727331112,0.0619658119897279,0.0416517255114172,0.0884332478356237,"82",9.11013088318826e-46
"(Intercept)",-2.78330693845976,0.191350345656172,-14.545607058693,6.22759271281246e-48,-3.18052648006855,-2.42766809343819,0.0618336886993633,0.041563766864985,0.0882423657989432,"118",7.65993903675933e-46
"(Intercept)",-2.78330693845976,0.191350345656172,-14.545607058693,6.2275927128123e-48,-3.18052648006856,-2.42766809343819,0.0618336886993632,0.0415637668649846,0.0882423657989434,"81",7.65993903675913e-46
"(Intercept)",-2.78330693845976,0.191350345656172,-14.545607058693,6.2275927128123e-48,-3.18052648006856,-2.42766809343819,0.0618336886993632,0.0415637668649846,0.0882423657989434,"87",7.65993903675913e-46
"(Intercept)",-2.78330693845976,0.191350345656172,-14.545607058693,6.2275927128123e-48,-3.18052648006856,-2.42766809343819,0.0618336886993632,0.0415637668649846,0.0882423657989434,"94",7.65993903675913e-46
"(Intercept)",-2.78330693845976,0.191350345656172,-14.545607058693,6.2275927128123e-48,-3.18052648006856,-2.42766809343819,0.0618336886993632,0.0415637668649846,0.0882423657989434,"105",7.65993903675913e-46
"(Intercept)",-2.78330693845976,0.191350345656172,-14.545607058693,6.2275927128123e-48,-3.18052648006856,-2.42766809343819,0.0618336886993632,0.0415637668649846,0.0882423657989434,"107",7.65993903675913e-46
"(Intercept)",-2.78409632868432,0.198303585472229,-14.0395662642933,8.92572315166446e-45,-3.19665555642873,-2.4162161391254,0.0617848970503145,0.0408987590925653,0.0892587218644712,"27",1.09786394765473e-42
"arsR1",-2.78414934736164,1.02133706605499,-2.72598482900037,0.00641099449786026,-5.66884746421698,-1.22853037581951,0.0617816213836311,0.00345184135505538,0.292722453721539,"33",0.788552323236812
"arsC1",-2.79341185927548,1.02131475196573,-2.7351135914751,0.00623587527973126,-5.67809875871936,-1.23783114733446,0.061212010465898,0.00342005461505995,0.290012530784193,"31",0.767012659406945
"arsB1",-2.79341185927548,1.02131475196573,-2.7351135914751,0.00623587527973126,-5.67809875871936,-1.23783114733446,0.061212010465898,0.00342005461505995,0.290012530784193,"32",0.767012659406945
"(Intercept)",-2.80768004143186,0.275202484009833,-10.2022336445609,1.93764159886131e-24,-3.39453169437371,-2.30746738209052,0.0603448276235722,0.0335562650808425,0.0995129609904276,"36",2.38329916659942e-22
"(Intercept)",-2.81626378502274,0.194549955818817,-14.4757873275772,1.72340967530262e-47,-3.22062693638508,-2.45506594850482,0.0598290598721191,0.0399300168313741,0.0858575330785228,"106",2.11979390062222e-45
"(Intercept)",-2.81626378502275,0.194549955818816,-14.4757873275773,1.7234096752991e-47,-3.22062693638507,-2.45506594850482,0.0598290598721186,0.0399300168313745,0.0858575330785227,"86",2.1197939006179e-45
"(Intercept)",-2.83040829220904,0.224557337456606,-12.6043901493799,1.99711367254657e-36,-3.30163950032495,-2.4168710506535,0.0589887640991882,0.0368227469794851,0.0892002844363,"71",2.45644981723228e-34
"(Intercept)",-2.83566132468849,0.210023304439028,-13.5016508394748,1.52910935634231e-41,-3.27438099080816,-2.44740303671407,0.0586797066605205,0.0378402854656697,0.0865179790187749,"2",1.88080450830104e-39
"(Intercept)",-2.84620053837886,0.197953934460374,-14.3780953186793,7.10223513964012e-47,-3.25816346796243,-2.47909390962415,0.0580645161989518,0.038458964319185,0.0838191389099174,"85",8.73574922175735e-45
"(Intercept)",-2.84892634845971,0.201709646981002,-14.1238973499767,2.70602250703006e-45,-3.26921150713282,-2.4752395444119,0.0579064588703508,0.0380364066896328,0.0841428318978127,"67",3.32840768364697e-43
"(Intercept)",-2.85049239036975,0.197930500644539,-14.4014812324904,5.06463134874166e-47,-3.26241542195143,-2.48343750766426,0.0578158458992719,0.0382957857322007,0.0834558518201428,"83",6.22949655895224e-45
"(Intercept)",-2.85049239036975,0.197930500644539,-14.4014812324904,5.06463134874166e-47,-3.26241542195143,-2.48343750766426,0.0578158458992719,0.0382957857322007,0.0834558518201428,"84",6.22949655895224e-45
"aph.3...IIIa1",-2.86669140770915,1.02113546633554,-2.8073566164503,0.00499499109059771,-5.75129659578617,-1.31139060297843,0.0568868308891909,0.00317865669056759,0.269445104575612,"44",0.614383904143519
"(Intercept)",-2.88394086530957,0.201517980608808,-14.3110845821145,1.86580604398802e-46,-3.30390091794253,-2.51067774432454,0.0559139786207828,0.0367395694557441,0.0812131788135349,"80",2.29494143410526e-44
"(Intercept)",-2.92745342827346,0.205274272660476,-14.2611803726396,3.81939134696103e-46,-3.35587784660617,-2.5477262013325,0.0535331908205158,0.034878738529543,0.0782594099897046,"79",4.69785135676207e-44
"(Intercept)",-2.92959246636808,0.2052629711192,-14.2723865410036,3.25254303151322e-46,-3.35799786888468,-2.54989014024723,0.0534188036688763,0.0348048731526022,0.0780902445048833,"73",4.00062792876126e-44
"(Intercept)",-2.92959246636808,0.2052629711192,-14.2723865410036,3.25254303151322e-46,-3.35799786888468,-2.54989014024723,0.0534188036688763,0.0348048731526022,0.0780902445048833,"74",4.00062792876126e-44
"(Intercept)",-2.92959246636808,0.2052629711192,-14.2723865410036,3.25254303151322e-46,-3.35799786888468,-2.54989014024723,0.0534188036688763,0.0348048731526022,0.0780902445048833,"75",4.00062792876126e-44
"(Intercept)",-2.96183071418428,0.264776668234626,-11.1861469287759,4.76701665081102e-29,-3.52530594089469,-2.47991763432687,0.0517241383290015,0.0294427982350121,0.0837501234434108,"55",5.86343048049756e-27
"(Intercept)",-2.98480319215732,0.213704615201302,-13.966957097982,2.47998125036658e-44,-3.43220115616753,-2.5905273042942,0.050549451098644,0.0323157304597391,0.07498049212386,"72",3.0503769379509e-42
"sei1",-3.04097001341362,0.737892685050991,-4.12115484408614,3.76977934712981e-05,-4.87191204702305,-1.82324454784139,0.0477885115070212,0.00765870747032391,0.161500902541725,"24",0.00463682859696967
"(Intercept)",-3.06472511088576,0.223223741226718,-13.7293869103872,6.77039918653938e-43,-3.53374909243197,-2.65414939211579,0.0466666682605754,0.0291952547220754,0.0703586608506526,"68",8.32759099944344e-41
"(Intercept)",-3.11000036710294,0.234475997954698,-13.2636192797175,3.76287611088398e-40,-3.60454682866494,-2.68023140780178,0.0446009389671357,0.0271997681758025,0.0685472899411139,"69",4.62833761638729e-38
"(Intercept)",-3.15059698411492,0.228344744848,-13.7975454009775,2.636788725975e-43,-3.63136048888543,-2.73146786386449,0.0428265524625264,0.0264801339633977,0.0651236268567241,"78",3.24325013294925e-41
"cadD1",-3.41328606242804,0.738474742567831,-4.62207556423574,3.79919565360631e-06,-5.24506146314503,-2.19377164932119,0.03293280312636,0.00527349755891099,0.111495432915363,"15",0.000467301065393577
"(Intercept)",-3.55534806145452,1.01418098975563,-3.50563469180306,0.00045551995502587,-6.4329513995772,-2.02472114711877,0.0285714285724256,0.00160769886370724,0.132030655183635,"38",0.0560289544681821
"(Intercept)",-3.63758615957672,1.01306391322275,-3.59067785565955,0.000329819079289153,-6.51414191392696,-2.1108582526632,0.0263157894776227,0.00148232731832552,0.121133958264837,"37",0.0405677467525658
"qnrB1",-11.8187968624337,882.74339524561,-0.0133887117435133,0.989317672759825,NA,168.069208448399,7.36481326732905e-06,NA,9.80685619530156e+72,"115",1
"iss1",-11.8187968624341,882.743395245724,-0.013388711743512,0.989317672759826,NA,168.069208448422,7.36481326732619e-06,NA,9.80685619552259e+72,"88",1
"sel331",-11.8187968624342,882.743395245729,-0.013388711743512,0.989317672759826,NA,168.069208448423,7.36481326732551e-06,NA,9.80685619553179e+72,"101",1
"lnu.A..1",-11.8187968624342,882.743395245731,-0.013388711743512,0.989317672759826,NA,168.069208448423,7.36481326732547e-06,NA,9.80685619553597e+72,"100",1
"sul21",-11.8187968624342,882.743395245759,-0.0133887117435116,0.989317672759827,NA,168.069208448429,7.36481326732506e-06,NA,9.80685619559255e+72,"116",1
"blaTEM.1811",-11.8187968624345,882.743395245846,-0.0133887117435106,0.989317672759827,NA,168.069208448446,7.36481326732297e-06,NA,9.80685619576425e+72,"117",1
"qacH1",-11.8187968624345,882.743395245844,-0.0133887117435107,0.989317672759827,NA,168.069208448446,7.36481326732284e-06,NA,9.80685619575728e+72,"121",1
"lsa.A.1",-11.8187968624345,882.743395245844,-0.0133887117435107,0.989317672759827,NA,168.069208448446,7.36481326732284e-06,NA,9.80685619575728e+72,"122",1
"sal.A.1",-11.8187968624345,882.743395245848,-0.0133887117435106,0.989317672759827,NA,168.069208448446,7.36481326732281e-06,NA,9.80685619576536e+72,"119",1
"mecA11",-11.8187968624345,882.743395245848,-0.0133887117435106,0.989317672759827,NA,168.069208448446,7.36481326732281e-06,NA,9.80685619576536e+72,"120",1
"sec31",-12.8209363727755,1029.12148173013,-0.0124581369647646,0.990060101980717,NA,148.689431733495,2.70357287476772e-06,NA,3.75837161273785e+64,"103",1
"etb1",-12.8209363727757,1029.12148173022,-0.0124581369647637,0.990060101980717,NA,148.689431733508,2.70357287476737e-06,NA,3.7583716127871e+64,"102",1
"blaTEM1",-12.820936372776,1029.12148173044,-0.0124581369647614,0.990060101980719,NA,148.689431733543,2.70357287476647e-06,NA,3.75837161291816e+64,"43",1
"vanZ.A1",-12.8230799963672,840.274178244919,-0.0152605903267797,0.987824283182913,NA,96.7472780286298,2.69778363935935e-06,NA,1.0394628848618e+42,"108",1
"vanY.A1",-12.8230799963672,840.274178244919,-0.0152605903267797,0.987824283182913,NA,96.7472780286298,2.69778363935935e-06,NA,1.0394628848618e+42,"109",1
"vanX.A1",-12.8230799963672,840.274178244919,-0.0152605903267797,0.987824283182913,NA,96.7472780286298,2.69778363935935e-06,NA,1.0394628848618e+42,"110",1
"vanA1",-12.8230799963672,840.274178244919,-0.0152605903267797,0.987824283182913,NA,96.7472780286298,2.69778363935935e-06,NA,1.0394628848618e+42,"111",1
"vanH.A1",-12.8230799963672,840.274178244919,-0.0152605903267797,0.987824283182913,NA,96.7472780286298,2.69778363935935e-06,NA,1.0394628848618e+42,"112",1
"vanS.A1",-12.8230799963672,840.274178244919,-0.0152605903267797,0.987824283182913,NA,96.7472780286298,2.69778363935935e-06,NA,1.0394628848618e+42,"113",1
"vanR.A1",-12.8230799963672,840.274178244919,-0.0152605903267797,0.987824283182913,NA,96.7472780286298,2.69778363935935e-06,NA,1.0394628848618e+42,"114",1
"dfrS11",-13.8273812518963,1073.1090380385,-0.012885346000972,0.989719265854727,NA,97.5236689989644,9.88199484790653e-07,NA,2.25939051484142e+42,"59",1
"qacR1",-13.8273812518965,1073.10903803861,-0.0128853460009709,0.989719265854727,NA,97.5236689989754,9.88199484790427e-07,NA,2.25939051486624e+42,"16",1
"eta1",-13.8273812518966,1073.10903803866,-0.0128853460009703,0.989719265854728,NA,97.5236689989807,9.88199484790377e-07,NA,2.25939051487812e+42,"98",1
"set1",-13.8273812518966,1073.10903803863,-0.0128853460009707,0.989719265854728,NA,97.523668998977,9.88199484790369e-07,NA,2.25939051486974e+42,"92",1
"ses1",-13.8273812518966,1073.10903803863,-0.0128853460009707,0.989719265854728,NA,97.523668998977,9.88199484790369e-07,NA,2.25939051486974e+42,"93",1
"ednB1",-13.8295387500411,979.610047683727,-0.0141173916935018,0.988736325273324,NA,80.0021774319977,9.8606974451696e-07,NA,5.55269985702645e+34,"99",1
"qacA1",-13.8295387500414,979.610047683723,-0.0141173916935021,0.988736325273324,NA,80.0021774319973,9.86069744516699e-07,NA,5.55269985702384e+34,"17",1
"qacJ1",-13.8338677611307,848.367192332462,-0.016306462444754,0.986989901942309,NA,57.9162443080655,9.81810263979103e-07,NA,1.42136401317136e+25,"95",1
"sel301",-13.8338677611309,848.367192332497,-0.0163064624447536,0.986989901942309,NA,57.9162443080684,9.81810263978918e-07,NA,1.42136401317539e+25,"89",1
"selZ1",-13.8360393146538,799.848261983391,-0.0172983301612039,0.986198617743194,NA,50.4924160683227,9.79680523700753e-07,NA,8.48355102795527e+21,"97",1
"selV1",-13.8382155940692,758.802689458218,-0.0182369089966584,0.985449858405379,NA,44.5239958864002,9.77550783438949e-07,NA,21703297608085434368,"60",1
"mupA1",-13.8382155940692,758.802689458268,-0.0182369089966573,0.98544985840538,NA,44.5239958864039,9.77550783438881e-07,NA,2.1703297608165e+19,"62",1
"sec21",-14.8425824771188,1142.05090421937,-0.0129964281121639,0.989630642574299,NA,66.5267295747599,3.58053837734606e-07,NA,7.80174144477312e+28,"77",1
"catA1",-14.8580182852614,907.610032864883,-0.0163704870453689,0.986938824519881,NA,38.6754427114068,3.52569424460659e-07,NA,62593805309742224,"52",1
"seb1",-14.860242980274,884.628834568329,-0.0167982801369179,0.986597541956227,NA,36.2405986501745,3.51785936854089e-07,NA,5483931415132724,"96",1
"sed1",-14.866946916,824.920644563704,-0.0180222752503219,0.985621083215901,NA,30.1435964363659,3.49435474022996e-07,NA,12336660038268.7,"42",1
"(Intercept)",-15.5660682305648,840.274157640926,-0.0185249874567922,0.985220043876295,NA,94.082343387885,1.73677061500211e-07,NA,7.23506734398055e+40,"8",1
"(Intercept)",-15.5660682305648,840.274157640926,-0.0185249874567922,0.985220043876295,NA,94.082343387885,1.73677061500211e-07,NA,7.23506734398055e+40,"12",1
"(Intercept)",-15.5660682305648,840.274157640926,-0.0185249874567922,0.985220043876295,NA,94.082343387885,1.73677061500211e-07,NA,7.23506734398055e+40,"13",1
"ser1",-15.8782210160736,1232.66284544226,-0.0128812359963497,0.989722544891822,-372.135695032474,45.8918779469731,1.2710897900144e-07,2.41836098687531e-162,8.522938537e+19,"40",1
"sej1",-15.8782210160736,1232.66284544226,-0.0128812359963497,0.989722544891822,-372.135695032474,45.8918779469731,1.2710897900144e-07,2.41836098687531e-162,8.522938537e+19,"41",1
"mph.C.1",-15.882766478444,1190.8654472921,-0.013337162913375,0.989358799103425,-415.501568743626,33.678612631496,1.26532521046951e-07,3.54781914122572e-181,423092789524139,"48",1
"msr.A.1",-15.8873326964321,1153.05051220649,-0.0137785227344724,0.989006677283412,-315.663062537483,43.934063728329,1.25956063091217e-07,8.11472486339066e-138,12031546248491905024,"47",1
"bleO1",-15.927011180255,931.805533804054,-0.0170926342487297,0.986362715073367,-259.674535492079,32.394221036773,1.21056170476113e-07,1.67796209139266e-113,117120101968404,"1",1
"sep1",-15.9293949716007,922.440416767159,-0.0172687521947789,0.986222214021331,-257.315731541167,31.9048925793209,1.20767941499953e-07,1.77499725095019e-112,71799065696958.5,"30",1
"mecI1",-15.9317844589971,913.352112591199,-0.0174432009729504,0.986083044997269,-255.027791043401,31.429935925831,1.20479712522742e-07,1.74919254559234e-111,44652701521917.9,"11",1
"seq1",-15.9511087318267,849.175237439036,-0.01878423678478,0.98501322882906,-238.907474520749,28.0731000834139,1.18173880703751e-07,1.75308159474517e-104,1555938604141.89,"58",1
"sea1",-15.9535507354858,842.069043934532,-0.0189456563572786,0.98488445756049,-237.126836452547,27.7010424197771,1.17885651726002e-07,1.04021573156593e-103,1072531030049.5,"50",1
"sek1",-15.9584527060822,828.375952492253,-0.0192647464693653,0.984629906948467,-233.698439290881,26.9838820143772,1.17309193771794e-07,3.20669302077051e-102,523541435157.163,"57",1
"lukS.PV1",-15.9609127319283,821.775242451035,-0.0194224794170278,0.984504077808212,-232.047143283049,26.6380618413162,1.17020964793859e-07,1.67188395834465e-101,370478718955.461,"91",1
"lukF.PV1",-15.9733044642216,790.986137815405,-0.020194164853935,0.983888482709836,-224.357239701745,25.0238916820265,1.15579819907449e-07,3.65501212902788e-98,73745932789.3392,"90",1
"(Intercept)",-16.5660684138273,1073.10902140372,-0.0154374514456671,0.987683185048737,NA,94.9198000811426,6.38922086199501e-08,NA,1.67165017682783e+41,"5",1
"(Intercept)",-16.5660684201861,906.942653377855,-0.0182658389243099,0.985426779507018,NA,64.8189801212049,6.38922082136689e-08,NA,1.41424740079548e+28,"3",1
"(Intercept)",-16.5660684240936,906.942652835995,-0.0182658389395314,0.985426779494875,NA,64.8189800686731,6.38922079640139e-08,NA,1.41424732650244e+28,"4",1
"(Intercept)",-16.566068429611,979.610029786891,-0.0169108807850966,0.986507712397713,NA,77.4038035213731,6.38922076114914e-08,NA,4.13090062649957e+33,"9",1
"cadC1",-17.072863065919,1044.52209356912,-0.0163451430764678,0.986959043376133,-296.408717587093,37.0045933480768,3.84901656509927e-08,1.86779652859474e-129,11773096292585330,"51",1
"merA1",-17.1989449043728,881.003090690127,-0.0195220029147686,0.984424684599076,-257.20517675039,28.3485759553125,3.39307245414042e-08,1.98249006852561e-112,2049415927999.64,"65",1
"merT1",-17.2020747973814,878.061503020619,-0.0195909679882384,0.984369668953272,-256.515210758291,28.1917885513846,3.38246910272233e-08,3.95238682945168e-112,1752016544112.18,"64",1
"merB1",-17.2115236865903,869.410440229302,-0.0197967759416954,0.984205489806421,-254.490275047535,27.7303826060218,3.35065904842818e-08,2.99417961187506e-111,1104465480734.19,"63",1
"sat41",-17.2973849771922,803.792691166914,-0.021519709207707,0.982831081428741,-239.373548331474,24.213130717885,3.07497191154592e-08,1.09999027615513e-104,32781517999.0249,"45",1
"erm.A.1",-18.3468650376323,1276.25996736019,-0.0143754920681096,0.988530411867126,-373.419460656029,47.5275468974557,1.07660837509279e-08,6.6986733678988e-163,4.37473102349154e+20,"6",1
"ant.9..Ia1",-18.3468650376383,1276.25996735966,-0.0143754920681203,0.988530411867117,-373.419460655894,47.5275468974221,1.07660837508632e-08,6.698673368802e-163,4.3747310233447e+20,"7",1
"mecR11",-18.7854823530794,1039.37271019046,-0.0180738652928813,0.985579927020964,-311.995821511986,34.6091202614091,6.94334386819885e-09,3.17640843387866e-136,1072877044303202,"10",1
"sak1",-21.0160221859451,1431.51866602936,-0.0146809278039229,0.988286735127796,-429.636889918003,51.6509686104477,7.46203931884684e-10,2.57673339792251e-187,2.70228190096446e+22,"29",1
"scn1",-21.0960648936174,1424.70187247813,-0.0148073539462139,0.988185872624677,-428.044366118608,51.1750400588937,6.88803629432876e-10,1.26675837693226e-186,1.67894901782027e+22,"28",1
